{
  "recipe": [{
    "id": 1,
    "name": "SeMur Hati Ampela lezatt",
    "description": "Lagi kepengen masak ati ampela trus kepikiran aja di semur kering gt..rasanya enaakk banget!!",
    "image": "assets/images/01.jpg",
    "ingredients": [
      "5 pasang hati ampela ayam",
      "1 daun salam besar",
      "2 lmbr daun jeruk",
      "1 btg sereh, geprek",
      "3 cm jahe, geprek "
    ]
  }, {
    "id": 2,
    "name": "Sambal terong dan teri",
    "description": "Ceritanya bangun kesorean, jam 17.00 baru bangun. Bingung masak apa, akhirnya ku memilih sambal terong.",
    "image": "assets/images/02.jpg",
    "ingredients": [
      "3 Buah terong yg agak besar",
      "1/2 ons teri",
      "3 buah tomat",
      "2 buah cabe merah",
      "10 buah cabe kecil",
      "2 siung bawang putih",
      "1 siung bawang merah",
      "1 sdk mkn gula",
      "1/2 sdk mkn garam"
    ]
  }, {
    "id": 3,
    "name": "Sop ayam banjar",
    "description": "Sop ayam yang paling enak ya dari banjar.",
    "image": "assets/images/03.jpg",
    "ingredients": [
      "1/2 kg ayam",
      "1 buah wortel",
      "2 buah kentang",
      "Secukupnya minyak makan",
      "Secukupnya daun sup",
      "1/2 buah Jeruk nipis",
      "1 biji sahang",
      "1/4 kayu manis"
    ]
  }, {
    "id": 4,
    "name": "Pepes Ikan Dori Kemangi",
    "description": "Iseng2 bikin pepes pakai ikan dori. Soalnya saya emang sekalian jual dori.",
    "image": "assets/images/04.jpg",
    "ingredients": [
      "1 kg dori potong kotak2 besar sebesar telapak tangan",
      "1 ikat daun kemangi cuci bersih kupas daunnya",
      "Secukupnya daun pisang",
      "1 buah jeruk nipis"
    ]
  }, {
    "id": 5,
    "name": "Ikan tongkol gulai",
    "description": "Makanan kesukaan suami hampir sekali seminggu pasti masak ini. Ikan tongkol lebih enak di buat gulai.",
    "image": "assets/images/05.jpg",
    "ingredients": [
      "2 ekor ikan tongkol potong-potong",
      "250 gram santan kelapa",
      "3 bh cabe merah keriting",
      "15 bh cabe rawit hijau",
      "5 siung bawang merah",
      "2 siung bawang putih",
      "1 ruas jahe",
      "Sedikit kunyit"
    ]
  }, {
    "id": 6,
    "name": "Semur daging enak",
    "description": "Ramadhan telah tiba. .aku buatin lauk yang simpel dan bisa buat buka puasa dan sekalian buat sahur.",
    "image": "assets/images/06.jpg",
    "ingredients": [
      "1 kg daging sapi",
      "1000 ml air",
      "6 buah bawang putih",
      "10 buah bawang merah",
      "1 sdt ketumbar bubuk",
      "1 bungkus merica bubuk(ladaku)",
      "1 sdt kunyit bubuk",
      "5 buah kemiri",
      "secukupnya Garam"
    ]
  }, {
    "id": 7,
    "name": "Soto ayam santan",
    "description": "Soto ayam santan buat sahur selama bulan ramadan.",
    "image": "assets/images/07.jpg",
    "ingredients": [
      "1/2 potong ayam",
      "1/2 kelapa parut",
      "3 butir kemiri",
      "4 lembar Daun salam",
      "3 lembar Daun jeruk",
      "Sereh 2 buah geprek",
      "1 ruas lengkuas",
      "secukupnya Ladaku",
      "Secukupnya garam"
    ]
  }, {
    "id": 8,
    "name": "Mpek Keletan kuah sederhana",
    "description": "Ceritanya suami minta bikin mpek Keletan kalau kata orang palembang hehe dan anak jga doyan.",
    "image": "assets/images/08.jpg",
    "ingredients": [
      "1/2 bungkus tepung manila",
      "1/2 sdkm penyedap rasa",
      "4 biji bawang merah",
      "secukupnya Air putih",
      "sesuai selera Kecam manis"
    ]
  }, {
    "id": 9,
    "name": "Sambel Goreng Tomat",
    "description": "Sambel goreng tomat merah yang lezat.",
    "image": "assets/images/09.jpg",
    "ingredients": [
      "10 rawit ijo",
      "10 cabe merah",
      "4 tomat besar",
      "2 bawang merah",
      "2 bawang putih",
      "300-500 ml air putih",
      "50 ml minyak goreng",
      "Gula",
      "Garam",
      "Merica"
    ]
  }, {
    "id": 10,
    "name": "Opor Ayam dan Tahu",
    "description": "Dan ini masih hasil karya perdana perdapuran saya..buatnya simpel kok gak pake ribet dgn bahan seadanya.",
    "image": "assets/images/10.jpg",
    "ingredients": [
      "Ayam",
      "Tahu (potong sesuai selera)",
      "Bawang merah",
      "Bawang putih",
      "Ketumbar",
      "Merica bubuk",
      "Kunyit",
      "Jahe",
      "Kemiri",
      "Lengkuas (digeprek saja)",
      "Daun salam",
      "Daun jeruk",
      "Sereh (digeprek)",
      "Gula"
    ]
  }, {
    "id": 11,
    "name": "Sambal Goreng (Tempe Kacang)",
    "description": "Bisa buat makanan sehari-hari, mudah dibuat, enak, bisa divariasi dengan menampahkan ubi yang di potong.",
    "image": "assets/images/11.jpg",
    "ingredients": [
      "2 buah tempe",
      "1/4 kg Kacang yang sudah di goreng",
      "6 buah cabai besar",
      "4 buah cabai rawit",
      "6 Siung bawang merah",
      "5 Siung bawang putih",
      "Saus Kecap",
      "Saus Tomat",
      "Garam",
      "Minyak Kelapa"
    ]
  }, {
    "id": 12,
    "name": "Gulai Daun Singkong Padang",
    "description": "Kata suami nama lainnya kalau bahasa Minang : Gulai Pucuak Prancih (gulai pucuk prancis).",
    "image": "assets/images/12.jpg",
    "ingredients": [
      "1 ikat daun singkong (sy beli Rp.5.000)",
      "1/2 dada ayam filet, potong dadu",
      "1 genggam ebi (udang kering)",
      "1 bungkus santan instan 65 ml",
      "700 ml air (silahkan disesuaikan)"
    ]
  }, {
    "id": 13,
    "name": "Rendang Ayam",
    "description": "Alhamdulillah sudah memasuki bulan suci Ramadan semoga puasa kita dilancarkan oleh Allah aamiin.",
    "image": "assets/images/13.jpg",
    "ingredients": [
      "1 kg ayam potong2 cuci bersih",
      "1 ltr santan dari 1 buah kelapa",
      "10 buah bawang merah",
      "6 buah bawang putih",
      "15 buah cabe merah",
      "6 btr kemiri",
      "1 sdt ketumbar bubuk sangrai",
      "1 sdt lada butir",
      "1 ruas kunyit bakar",
      "1 ruas jahe",
      "1 ruas lengkuas",
      "1 btg sereh geprek"
    ]
  }, {
    "id": 14,
    "name": "Sambel kacang",
    "description": "Makan gorengan paling cocok pakai sambel kacang.",
    "image": "assets/images/14.jpg",
    "ingredients": [
      "Kacang tanah",
      "Bawang putih",
      "Gula",
      "Garem",
      "Penyedap rasa",
      "Cabe keriting"
    ]
  }, {
    "id": 15,
    "name": "Ikan Bakar Rica-rica",
    "description": "MSG sebagai bahan makanan yang 'aman digunakan secara umum' dengan label resmi GRAS.",
    "image": "assets/images/15.jpg",
    "ingredients": [
      "1 ekor ikan bawal uk. sedang",
      "1 buah jeruk nipis",
      "3 siung bawang putih",
      "1/2 sdt merica",
      "1/4 sdt ketumbar",
      "5 buah cabe rawit",
      "1 buah tomat",
      "1 cabe merah besar",
      "Sekerat jahe"
    ]
  }, {
    "id": 16,
    "name": "Sambel Terong Terasi",
    "description": "Menu buka puasa hari ini simple, enak dan pastinya #MurahMeriah budgetnya hehehehe Pake lalapan dan ayam.",
    "image": "assets/images/16.jpg",
    "ingredients": [
      "3 buah Terong Ungu",
      "Segenggam cabe merah keriting",
      "15 buah cabe rawit merah campur hijau",
      "5 siung bawang merah",
      "1 siung bawang putih",
      "1 bungkus Terasi ABC",
      "secukupnya Garam, kaldu bubuk dan gula pasir",
      "secukupnya Minyak goreng"
    ]
  }, {
    "id": 17,
    "name": "Terong Balado",
    "description": "Ini ceritanya pengen bikin terong balado ala ala RM padang jd terongnya dimasak tanpa air.",
    "image": "assets/images/17.jpg",
    "ingredients": [
      "2 buah terong ungu",
      "4 siung bawang merah",
      "2 siung bawang putih",
      "2 buah cabe merah",
      "1 buah tomat merah"
    ]
  }, {
    "id": 18,
    "name": "Bumbu Sambel Cepat Saji",
    "description": "Bumbu sambel cepat saji ala resep mama yang mempermudah wanita untuk masak.",
    "image": "assets/images/18.jpg",
    "ingredients": [
      "Cabe merah keriting",
      "Cabe rawit merah",
      "Bawang merang",
      "Bawang putih",
      "Tomat",
      "Air"
    ]
  }, {
    "id": 19,
    "name": "Sayur Lodeh Terong Hijau",
    "description": "Sayur lodeh terong hijau ini hasil recook beberapa waktu yang lalu, rasanya enak dan gurih.",
    "image": "assets/images/19.jpg",
    "ingredients": [
      "2 buah terong hijau",
      "1 buah jagung manis",
      "1 genggam buah melinjo",
      "1 buah wortel",
      "4 buah kacang panjang",
      "1 genggam daun so / daun melinjo muda",
      "1 buah labu siam",
      "5-10 buah cabe rawit merah (biarkan utuh)"
    ]
  }, {
    "id": 20,
    "name": "Sambal Cumi Asin Pedas",
    "description": "Sambal asin pedas dicampur cumi gaess.",
    "image": "assets/images/20.jpg",
    "ingredients": [
      "200 gr cumi asin",
      "80 gr bw merah",
      "20 gr bw putih",
      "200 gr cabe merah besar",
      "150 gr cabe rawit (bisa di tambah atau dikurangi,sesuai selera)",
      "2 tomat ukuran sedang, potong kecil",
      "1 batang sere",
      "4 lembar daun jeruk",
      "2 sdm Gula merah"
    ]
  }, {
    "id": 21,
    "name": "Bakso udang kentang jingkrak",
    "description": "Dijamin anak anak pasti suka, gampang banget cara buatnya, bisa disajikan dengan saos sambel bangkok.",
    "image": "assets/images/21.jpg",
    "ingredients": [
      "200 gram udang",
      "50 gram tepung maizena",
      "50 gram tepung terigu",
      "3 bh kentang",
      "5 sdm minyak goreng",
      "1/2 sendok teh mrica bubuk",
      "Garam, gula dan kaldu jamur",
      "Bumbu halus",
      "4 siung bawang putih"
    ]
  }, {
    "id": 22,
    "name": "Rendang daging suir",
    "description": "Masak rendang suir di bulan ramadhan gurih setiap seratnya dan awet lhoo #anti ribet #ramadhan2.",
    "image": "assets/images/22.jpg",
    "ingredients": [
      "1,5 kg daging sapi",
      "3 butir santan kelapa kental",
      "1 butir kelapa parut kasar",
      "Bumbu halus",
      "17 siung Bawang merah",
      "10 siung Baput",
      "1 sdm Jintan",
      "1 sdm Ketumbar",
      "350 gr Cabe keriting"
    ]
  }, {
    "id": 23,
    "name": "Semur daging",
    "description": "Menyambut bulan suci ramadhan,jadi buat olahan daging.",
    "image": "assets/images/23.jpg",
    "ingredients": [
      "1/2 daging sapi",
      "Nanas (boleh skip,di gunakan biar empuk dagingnya)",
      "1 Santan kara",
      "2 daun salam",
      "4 daun jeruk",
      "1 serai",
      "Lengkuas",
      "Kecap manis (bangau)"
    ]
  }, {
    "id": 24,
    "name": "Tahu Tek tanpa Lontong",
    "description": "Request suami katanya rindu kampung halaman maka jadilah tahu tek mines lontong.",
    "image": "assets/images/24.jpg",
    "ingredients": [
      "4 bh Tahu besar",
      "4 bh kentang, potong menjadi 4 bagian",
      "2 btr telur ayam, rebus",
      "100 gr Touge, seduh dgn air panas",
      "4 sdm bawang goreng",
      "secukupnya Minyak goreng"
    ]
  }, {
    "id": 25,
    "name": "Opor Ayam Special",
    "description": "Bln puasa bingung masak apa buat si duo kecil akhirnya bikin opor kenangan saja.",
    "image": "assets/images/25.jpg",
    "ingredients": [
      "1/2 kg ayam",
      "4 butir telur rebus",
      "2 kotak tahu putih goreng sebentar",
      "1 lembar daun salam",
      "2 lembar daun jeruk",
      "2 batang serai geprek"
    ]
  }, {
    "id": 26,
    "name": "Semur daging sapi",
    "description": "Semur daging sapi enak buat buka puasa.",
    "image": "assets/images/26.jpg",
    "ingredients": [
      "1/2 kg daging sapi tanpa lemak",
      "8 butir bawang merah",
      "4 butir bawang putih",
      "5 butir kemiri sangrai",
      "1/4 sdt lada butir",
      "Secukupnya kayu manis",
      "Secukupnya cengkeh"
    ]
  }, {
    "id": 27,
    "name": "Semur Ayam Kentang Tahu Pedas",
    "description": "Judul masakannya panjang nya.. paling ngga bisa liat bahan masakan yg tinggal dikit.",
    "image": "assets/images/27.jpg",
    "ingredients": [
      "1/4 kg Ayam",
      "3 buah Tahu putih",
      "2 butir Kentang",
      "sesuai selera Kecap",
      "secukupnya Air",
      "secukupnya Minyak utk menggoreng dan menumis"
    ]
  }, {
    "id": 28,
    "name": "Semur telur",
    "description": "JNi masakan juga gampang, apalagi buat yang lagi belajar masak. Tinggal cemplung-cemplung jadi deech.",
    "image": "assets/images/28.jpg",
    "ingredients": [
      "500 gr telur rebus, kupas (ada 8bj)",
      "6 sdm kecap manis (bisa lebih)",
      "1/4 bh bawang bombay iris",
      "3 siung bawang putih cincang",
      "1 btg daun bawang potong2",
      "1 bh tomat kecil potong2",
      "1 sdm saos tiram",
      "1/2 sdt merica bubuk",
      "1/4 sdt pala bubuk",
      "Garam"
    ]
  }, {
    "id": 29,
    "name": "Sambal Goreng Hati",
    "description": "#SiapRamadan #AntiRibet #MurahMeriah Ini hidangan yang sangat simple bunda.",
    "image": "assets/images/29.jpg",
    "ingredients": [
      "1/2 Kg Hati Ayam",
      "2 buah Kentang",
      "4 siung Bawang Merah",
      "3 siung Bawang Putih",
      "3 butir Kemiri",
      "1 buah Kunyit",
      "5 Buah Cabe rawit sesuai selera saja",
      "1 buah cabe merah besar",
      "1 juput ketumbar",
      "1 juput merica butir",
      "1 juput gula merah iris halus"
    ]
  }, {
    "id": 30,
    "name": "Ayam Saus Padang",
    "description": "Menu sahur td pagi pedes2 begini 😆 tp emang dasarnya ini mulut gk bs ngunyah klo gak pedes.",
    "image": "assets/images/30.jpg",
    "ingredients": [
      "1/2 kg ayam (potong2)",
      "1/2 buah bombay (iris2)",
      "1 batang daun bawang (iris2)",
      "2 lembar daun jeruk (buang tulangnya, iris tipis)",
      "1 ruas jahe (geprak)",
      "4 sdm saos bangkok",
      "3 sdm saos tomat",
      "secukupnya Kaldu jamur/garam"
    ]
  }, {
    "id": 31,
    "name": "Opor ayam",
    "description": "Menu sahur td pagi pedes2 begini 😆 tp emang dasarnya ini mulut gk bs ngunyah klo gak pedes.",
    "image": "assets/images/31.jpg",
    "ingredients": [
      "800 gram daging ayam",
      "1 butir kelapa ambil santannya",
      "Air",
      "1 sereh memarkan",
      "2 lembar daun jeruk",
      "2 lembar daun salam"
    ]
  }, {
    "id": 32,
    "name": "Ayam Goreng Sambal Ebi",
    "description": "#AhlinyaAyam #SiapRamadan #cookpad_paders #cookpadcommunity_bogor #berburucelemekemas #resolusi2019.",
    "image": "assets/images/32.jpg",
    "ingredients": [
      "1 buah dada ayam, potong kecil2",
      "1 buah jeruk nipis",
      "50 gram gula merah, iris",
      "secukupnya Garam",
      "Minyak untuk menumis"
    ]
  }]
}